Sample ID,Project ID,Project Name,Tissue,Species/Substrate,Data repository
H_10_S10_L001,,FARM-INN,Hindgut,Cow,CNR-IBBA server
H_11_S11_L001,,FARM-INN,Hindgut,Cow,CNR-IBBA server
H_12_S12_L001,,FARM-INN,Hindgut,Cow,CNR-IBBA server
H_13_S13_L001,,FARM-INN,Hindgut,Cow,CNR-IBBA server
H_14_S14_L001,,FARM-INN,Hindgut,Cow,CNR-IBBA server
H_15_S15_L001,,FARM-INN,Hindgut,Cow,CNR-IBBA server
H_16_S16_L001,,FARM-INN,Hindgut,Cow,CNR-IBBA server
H_17_S17_L001,,FARM-INN,Hindgut,Cow,CNR-IBBA server
H_18_S18_L001,,FARM-INN,Hindgut,Cow,CNR-IBBA server
H_19_S19_L001,,FARM-INN,Hindgut,Cow,CNR-IBBA server
H_1_S1_L001,,FARM-INN,Hindgut,Cow,CNR-IBBA server
H_20_S20_L001,,FARM-INN,Hindgut,Cow,CNR-IBBA server
H_21_S21_L001,,FARM-INN,Hindgut,Cow,CNR-IBBA server
H_22_S22_L001,,FARM-INN,Hindgut,Cow,CNR-IBBA server
H_23_S23_L001,,FARM-INN,Hindgut,Cow,CNR-IBBA server
H_24_S24_L001,,FARM-INN,Hindgut,Cow,CNR-IBBA server
H_25_S25_L001,,FARM-INN,Hindgut,Cow,CNR-IBBA server
H_26_S26_L001,,FARM-INN,Hindgut,Cow,CNR-IBBA server
H_27_S27_L001,,FARM-INN,Hindgut,Cow,CNR-IBBA server
H_28_S28_L001,,FARM-INN,Hindgut,Cow,CNR-IBBA server
H_29_S29_L001,,FARM-INN,Hindgut,Cow,CNR-IBBA server
H_2_S2_L001,,FARM-INN,Hindgut,Cow,CNR-IBBA server
H_30_S30_L001,,FARM-INN,Hindgut,Cow,CNR-IBBA server
H_31_S31_L001,,FARM-INN,Hindgut,Cow,CNR-IBBA server
H_32_S32_L001,,FARM-INN,Hindgut,Cow,CNR-IBBA server
H_33_S33_L001,,FARM-INN,Hindgut,Cow,CNR-IBBA server
H_34_S34_L001,,FARM-INN,Hindgut,Cow,CNR-IBBA server
H_35_S35_L001,,FARM-INN,Hindgut,Cow,CNR-IBBA server
H_36_S36_L001,,FARM-INN,Hindgut,Cow,CNR-IBBA server
H_37_S37_L001,,FARM-INN,Hindgut,Cow,CNR-IBBA server
H_38_S38_L001,,FARM-INN,Hindgut,Cow,CNR-IBBA server
H_39_S39_L001,,FARM-INN,Hindgut,Cow,CNR-IBBA server
H_3_S3_L001,,FARM-INN,Hindgut,Cow,CNR-IBBA server
H_40_S40_L001,,FARM-INN,Hindgut,Cow,CNR-IBBA server
H_41_S41_L001,,FARM-INN,Hindgut,Cow,CNR-IBBA server
H_42_S42_L001,,FARM-INN,Hindgut,Cow,CNR-IBBA server
H_43_S43_L001,,FARM-INN,Hindgut,Cow,CNR-IBBA server
H_44_S44_L001,,FARM-INN,Hindgut,Cow,CNR-IBBA server
H_45_S45_L001,,FARM-INN,Hindgut,Cow,CNR-IBBA server
H_46_S46_L001,,FARM-INN,Hindgut,Cow,CNR-IBBA server
H_47_S47_L001,,FARM-INN,Hindgut,Cow,CNR-IBBA server
H_48_S48_L001,,FARM-INN,Hindgut,Cow,CNR-IBBA server
H_49_S49_L001,,FARM-INN,Hindgut,Cow,CNR-IBBA server
H_4_S4_L001,,FARM-INN,Hindgut,Cow,CNR-IBBA server
H_50_S50_L001,,FARM-INN,Hindgut,Cow,CNR-IBBA server
H_51_S51_L001,,FARM-INN,Hindgut,Cow,CNR-IBBA server
H_52_S52_L001,,FARM-INN,Hindgut,Cow,CNR-IBBA server
H_53_S53_L001,,FARM-INN,Hindgut,Cow,CNR-IBBA server
H_54_S54_L001,,FARM-INN,Hindgut,Cow,CNR-IBBA server
H_55_S55_L001,,FARM-INN,Hindgut,Cow,CNR-IBBA server
H_56_S56_L001,,FARM-INN,Hindgut,Cow,CNR-IBBA server
H_5_S5_L001,,FARM-INN,Hindgut,Cow,CNR-IBBA server
H_6_S6_L001,,FARM-INN,Hindgut,Cow,CNR-IBBA server
H_7_S7_L001,,FARM-INN,Hindgut,Cow,CNR-IBBA server
H_8_S8_L001,,FARM-INN,Hindgut,Cow,CNR-IBBA server
H_9_S9_L001,,FARM-INN,Hindgut,Cow,CNR-IBBA server
R_100_S100_L001,,FARM-INN,Rumen,Cow,CNR-IBBA server
R_101_S101_L001,,FARM-INN,Rumen,Cow,CNR-IBBA server
R_102_S102_L001,,FARM-INN,Rumen,Cow,CNR-IBBA server
R_103_S103_L001,,FARM-INN,Rumen,Cow,CNR-IBBA server
R_104_S104_L001,,FARM-INN,Rumen,Cow,CNR-IBBA server
R_105_S105_L001,,FARM-INN,Rumen,Cow,CNR-IBBA server
R_106_S106_L001,,FARM-INN,Rumen,Cow,CNR-IBBA server
R_107_S107_L001,,FARM-INN,Rumen,Cow,CNR-IBBA server
R_108_S108_L001,,FARM-INN,Rumen,Cow,CNR-IBBA server
R_109_S109_L001,,FARM-INN,Rumen,Cow,CNR-IBBA server
R_110_S110_L001,,FARM-INN,Rumen,Cow,CNR-IBBA server
R_111_S111_L001,,FARM-INN,Rumen,Cow,CNR-IBBA server
R_112_S112_L001,,FARM-INN,Rumen,Cow,CNR-IBBA server
R_113_S113_L001,,FARM-INN,Rumen,Cow,CNR-IBBA server
R_114_S114_L001,,FARM-INN,Rumen,Cow,CNR-IBBA server
R_57_S57_L001,,FARM-INN,Rumen,Cow,CNR-IBBA server
R_58_S58_L001,,FARM-INN,Rumen,Cow,CNR-IBBA server
R_59_S59_L001,,FARM-INN,Rumen,Cow,CNR-IBBA server
R_60_S60_L001,,FARM-INN,Rumen,Cow,CNR-IBBA server
R_61_S61_L001,,FARM-INN,Rumen,Cow,CNR-IBBA server
R_62_S62_L001,,FARM-INN,Rumen,Cow,CNR-IBBA server
R_63_S63_L001,,FARM-INN,Rumen,Cow,CNR-IBBA server
R_64_S64_L001,,FARM-INN,Rumen,Cow,CNR-IBBA server
R_65_S65_L001,,FARM-INN,Rumen,Cow,CNR-IBBA server
R_66_S66_L001,,FARM-INN,Rumen,Cow,CNR-IBBA server
R_67_S67_L001,,FARM-INN,Rumen,Cow,CNR-IBBA server
R_68_S68_L001,,FARM-INN,Rumen,Cow,CNR-IBBA server
R_69_S69_L001,,FARM-INN,Rumen,Cow,CNR-IBBA server
R_70_S70_L001,,FARM-INN,Rumen,Cow,CNR-IBBA server
R_71_S71_L001,,FARM-INN,Rumen,Cow,CNR-IBBA server
R_72_S72_L001,,FARM-INN,Rumen,Cow,CNR-IBBA server
R_73_S73_L001,,FARM-INN,Rumen,Cow,CNR-IBBA server
R_74_S74_L001,,FARM-INN,Rumen,Cow,CNR-IBBA server
R_75_S75_L001,,FARM-INN,Rumen,Cow,CNR-IBBA server
R_76_S76_L001,,FARM-INN,Rumen,Cow,CNR-IBBA server
R_77_S77_L001,,FARM-INN,Rumen,Cow,CNR-IBBA server
R_78_S78_L001,,FARM-INN,Rumen,Cow,CNR-IBBA server
R_79_S79_L001,,FARM-INN,Rumen,Cow,CNR-IBBA server
R_80_S80_L001,,FARM-INN,Rumen,Cow,CNR-IBBA server
R_81_S81_L001,,FARM-INN,Rumen,Cow,CNR-IBBA server
R_82_S82_L001,,FARM-INN,Rumen,Cow,CNR-IBBA server
R_83_S83_L001,,FARM-INN,Rumen,Cow,CNR-IBBA server
R_84_S84_L001,,FARM-INN,Rumen,Cow,CNR-IBBA server
R_85_S85_L001,,FARM-INN,Rumen,Cow,CNR-IBBA server
R_86_S86_L001,,FARM-INN,Rumen,Cow,CNR-IBBA server
R_87_S87_L001,,FARM-INN,Rumen,Cow,CNR-IBBA server
R_88_S88_L001,,FARM-INN,Rumen,Cow,CNR-IBBA server
R_89_S89_L001,,FARM-INN,Rumen,Cow,CNR-IBBA server
R_90_S90_L001,,FARM-INN,Rumen,Cow,CNR-IBBA server
R_91_S91_L001,,FARM-INN,Rumen,Cow,CNR-IBBA server
R_92_S92_L001,,FARM-INN,Rumen,Cow,CNR-IBBA server
R_93_S93_L001,,FARM-INN,Rumen,Cow,CNR-IBBA server
R_94_S94_L001,,FARM-INN,Rumen,Cow,CNR-IBBA server
R_95_S95_L001,,FARM-INN,Rumen,Cow,CNR-IBBA server
R_96_S96_L001,,FARM-INN,Rumen,Cow,CNR-IBBA server
R_97_S97_L001,,FARM-INN,Rumen,Cow,CNR-IBBA server
R_98_S98_L001,,FARM-INN,Rumen,Cow,CNR-IBBA server
R_99_S99_L001,,FARM-INN,Rumen,Cow,CNR-IBBA server
ERX12708639,PRJEB72623,RABOLA,Milk,Food,https://www.ebi.ac.uk/ena
ERX12708640,PRJEB72623,RABOLA,Milk,Food,https://www.ebi.ac.uk/ena
ERX12708641,PRJEB72623,RABOLA,Milk,Food,https://www.ebi.ac.uk/ena
ERX12708642,PRJEB72623,RABOLA,Milk,Food,https://www.ebi.ac.uk/ena
ERX12708643,PRJEB72623,RABOLA,Milk,Food,https://www.ebi.ac.uk/ena
ERX12708644,PRJEB72623,RABOLA,Milk,Food,https://www.ebi.ac.uk/ena
ERX12708645,PRJEB72623,RABOLA,Milk,Food,https://www.ebi.ac.uk/ena
ERX12708646,PRJEB72623,RABOLA,Milk,Food,https://www.ebi.ac.uk/ena
ERX12708647,PRJEB72623,RABOLA,Milk,Food,https://www.ebi.ac.uk/ena
ERX12708648,PRJEB72623,RABOLA,Milk,Food,https://www.ebi.ac.uk/ena
ERX12708649,PRJEB72623,RABOLA,Milk,Food,https://www.ebi.ac.uk/ena
ERX12708650,PRJEB72623,RABOLA,Milk,Food,https://www.ebi.ac.uk/ena
ERX12708651,PRJEB72623,RABOLA,Milk,Food,https://www.ebi.ac.uk/ena
ERX12708652,PRJEB72623,RABOLA,Milk,Food,https://www.ebi.ac.uk/ena
ERX12708653,PRJEB72623,RABOLA,Milk,Food,https://www.ebi.ac.uk/ena
ERX12708654,PRJEB72623,RABOLA,Milk,Food,https://www.ebi.ac.uk/ena
ERX12708655,PRJEB72623,RABOLA,Milk,Food,https://www.ebi.ac.uk/ena
ERX12708656,PRJEB72623,RABOLA,Milk,Food,https://www.ebi.ac.uk/ena
ERX12708657,PRJEB72623,RABOLA,Milk,Food,https://www.ebi.ac.uk/ena
ERX12708658,PRJEB72623,RABOLA,Milk,Food,https://www.ebi.ac.uk/ena
ERX12708659,PRJEB72623,RABOLA,Milk,Food,https://www.ebi.ac.uk/ena
ERX12708660,PRJEB72623,RABOLA,Milk,Food,https://www.ebi.ac.uk/ena
ERX12708661,PRJEB72623,RABOLA,Milk,Food,https://www.ebi.ac.uk/ena
ERX12708662,PRJEB72623,RABOLA,Milk,Food,https://www.ebi.ac.uk/ena
ERX12708663,PRJEB72623,RABOLA,Milk,Food,https://www.ebi.ac.uk/ena
ERX12708664,PRJEB72623,RABOLA,Milk,Food,https://www.ebi.ac.uk/ena
ERX12708665,PRJEB72623,RABOLA,Milk,Food,https://www.ebi.ac.uk/ena
ERX12708666,PRJEB72623,RABOLA,Milk,Food,https://www.ebi.ac.uk/ena
ERX12708667,PRJEB72623,RABOLA,Milk,Food,https://www.ebi.ac.uk/ena
ERX12708668,PRJEB72623,RABOLA,Milk,Food,https://www.ebi.ac.uk/ena
ERX12708669,PRJEB72623,RABOLA,Milk,Food,https://www.ebi.ac.uk/ena
ERX12708670,PRJEB72623,RABOLA,Milk,Food,https://www.ebi.ac.uk/ena
ERX12708671,PRJEB72623,RABOLA,Milk,Food,https://www.ebi.ac.uk/ena
ERX12708672,PRJEB72623,RABOLA,Milk,Food,https://www.ebi.ac.uk/ena
ERX12708673,PRJEB72623,RABOLA,Milk,Food,https://www.ebi.ac.uk/ena
ERX12708674,PRJEB72623,RABOLA,Milk,Food,https://www.ebi.ac.uk/ena
ERX12708675,PRJEB72623,RABOLA,Milk,Food,https://www.ebi.ac.uk/ena
ERX12708676,PRJEB72623,RABOLA,Milk,Food,https://www.ebi.ac.uk/ena
ERX12708677,PRJEB72623,RABOLA,Milk,Food,https://www.ebi.ac.uk/ena
ERX12708678,PRJEB72623,RABOLA,Milk,Food,https://www.ebi.ac.uk/ena
ERX12708679,PRJEB72623,RABOLA,Milk,Food,https://www.ebi.ac.uk/ena
ERX12708680,PRJEB72623,RABOLA,Milk,Food,https://www.ebi.ac.uk/ena
ERX12708681,PRJEB72623,RABOLA,Milk,Food,https://www.ebi.ac.uk/ena
ERX12708682,PRJEB72623,RABOLA,Milk,Food,https://www.ebi.ac.uk/ena
ERX12708683,PRJEB72623,RABOLA,Milk,Food,https://www.ebi.ac.uk/ena
ERX12708684,PRJEB72623,RABOLA,Milk,Food,https://www.ebi.ac.uk/ena
ERX12708685,PRJEB72623,RABOLA,Milk,Food,https://www.ebi.ac.uk/ena
ERX12708686,PRJEB72623,RABOLA,Milk,Food,https://www.ebi.ac.uk/ena
ERX12708687,PRJEB72623,RABOLA,Milk,Food,https://www.ebi.ac.uk/ena
ERX12708688,PRJEB72623,RABOLA,Milk,Food,https://www.ebi.ac.uk/ena
ERX12708689,PRJEB72623,RABOLA,Milk,Food,https://www.ebi.ac.uk/ena
ERX12708690,PRJEB72623,RABOLA,Milk,Food,https://www.ebi.ac.uk/ena
ERX12708691,PRJEB72623,RABOLA,Milk,Food,https://www.ebi.ac.uk/ena
ERX12708692,PRJEB72623,RABOLA,Milk,Food,https://www.ebi.ac.uk/ena
ERX12708693,PRJEB72623,RABOLA,Milk,Food,https://www.ebi.ac.uk/ena
ERX12708694,PRJEB72623,RABOLA,Milk,Food,https://www.ebi.ac.uk/ena
ERX12708695,PRJEB72623,RABOLA,Milk,Food,https://www.ebi.ac.uk/ena
ERX12708696,PRJEB72623,RABOLA,Milk,Food,https://www.ebi.ac.uk/ena
ERX12708697,PRJEB72623,RABOLA,Milk,Food,https://www.ebi.ac.uk/ena
ERX12708698,PRJEB72623,RABOLA,Milk,Food,https://www.ebi.ac.uk/ena
ERX12708699,PRJEB72623,RABOLA,Milk,Food,https://www.ebi.ac.uk/ena
ERX12708700,PRJEB72623,RABOLA,Milk,Food,https://www.ebi.ac.uk/ena
ERX12708701,PRJEB72623,RABOLA,Milk,Food,https://www.ebi.ac.uk/ena
ERX12708702,PRJEB72623,RABOLA,Milk,Food,https://www.ebi.ac.uk/ena
ERX12708703,PRJEB72623,RABOLA,Milk,Food,https://www.ebi.ac.uk/ena
ERX12708704,PRJEB72623,RABOLA,Milk,Food,https://www.ebi.ac.uk/ena
ERX12708705,PRJEB72623,RABOLA,Milk,Food,https://www.ebi.ac.uk/ena
ERX12708706,PRJEB72623,RABOLA,Milk,Food,https://www.ebi.ac.uk/ena
ERX12708707,PRJEB72623,RABOLA,Milk,Food,https://www.ebi.ac.uk/ena
ERX12708708,PRJEB72623,RABOLA,Milk,Food,https://www.ebi.ac.uk/ena
ERX12708709,PRJEB72623,RABOLA,Milk,Food,https://www.ebi.ac.uk/ena
ERX12708710,PRJEB72623,RABOLA,Milk,Food,https://www.ebi.ac.uk/ena
ERX12708711,PRJEB72623,RABOLA,Milk,Food,https://www.ebi.ac.uk/ena
ERX12708712,PRJEB72623,RABOLA,Milk,Food,https://www.ebi.ac.uk/ena
ERX12708713,PRJEB72623,RABOLA,Milk,Food,https://www.ebi.ac.uk/ena
ERX12708714,PRJEB72623,RABOLA,Milk,Food,https://www.ebi.ac.uk/ena
ERX12708715,PRJEB72623,RABOLA,Milk,Food,https://www.ebi.ac.uk/ena
ERX12708716,PRJEB72623,RABOLA,Milk,Food,https://www.ebi.ac.uk/ena
ERX12708717,PRJEB72623,RABOLA,Milk,Food,https://www.ebi.ac.uk/ena
ERX12708718,PRJEB72623,RABOLA,Milk,Food,https://www.ebi.ac.uk/ena
ERX12708719,PRJEB72623,RABOLA,Milk,Food,https://www.ebi.ac.uk/ena
ERX12708720,PRJEB72623,RABOLA,Milk,Food,https://www.ebi.ac.uk/ena
ERX12708721,PRJEB72623,RABOLA,Milk,Food,https://www.ebi.ac.uk/ena
ERX12708722,PRJEB72623,RABOLA,Milk,Food,https://www.ebi.ac.uk/ena
ERX12708723,PRJEB72623,RABOLA,Milk,Food,https://www.ebi.ac.uk/ena
ERX12708724,PRJEB72623,RABOLA,Milk,Food,https://www.ebi.ac.uk/ena
ERX12708725,PRJEB72623,RABOLA,Milk,Food,https://www.ebi.ac.uk/ena
ERX12708726,PRJEB72623,RABOLA,Milk,Food,https://www.ebi.ac.uk/ena
ERX12708727,PRJEB72623,RABOLA,Milk,Food,https://www.ebi.ac.uk/ena
ERX12708728,PRJEB72623,RABOLA,Milk,Food,https://www.ebi.ac.uk/ena
ERX12708729,PRJEB72623,RABOLA,Milk,Food,https://www.ebi.ac.uk/ena
ERX12708730,PRJEB72623,RABOLA,Milk,Food,https://www.ebi.ac.uk/ena
ERX12708731,PRJEB72623,RABOLA,Milk,Food,https://www.ebi.ac.uk/ena
ERX12708732,PRJEB72623,RABOLA,Milk,Food,https://www.ebi.ac.uk/ena
ERX12708733,PRJEB72623,RABOLA,Milk,Food,https://www.ebi.ac.uk/ena
ERX12708734,PRJEB72623,RABOLA,Milk,Food,https://www.ebi.ac.uk/ena
ERX12708735,PRJEB72623,RABOLA,Milk,Food,https://www.ebi.ac.uk/ena
ERX12708736,PRJEB72623,RABOLA,Milk,Food,https://www.ebi.ac.uk/ena
ERX12708737,PRJEB72623,RABOLA,Milk,Food,https://www.ebi.ac.uk/ena
ERX12708738,PRJEB72623,RABOLA,Milk,Food,https://www.ebi.ac.uk/ena
ERX12708739,PRJEB72623,RABOLA,Milk,Food,https://www.ebi.ac.uk/ena
ERX12708740,PRJEB72623,RABOLA,Milk,Food,https://www.ebi.ac.uk/ena
ERX12708741,PRJEB72623,RABOLA,Milk,Food,https://www.ebi.ac.uk/ena
ERX12708742,PRJEB72623,RABOLA,Milk,Food,https://www.ebi.ac.uk/ena
ERX12708743,PRJEB72623,RABOLA,Milk,Food,https://www.ebi.ac.uk/ena
ERX12708744,PRJEB72623,RABOLA,Milk,Food,https://www.ebi.ac.uk/ena
ERX12708745,PRJEB72623,RABOLA,Milk,Food,https://www.ebi.ac.uk/ena
ERX12708746,PRJEB72623,RABOLA,Milk,Food,https://www.ebi.ac.uk/ena
ERX12708747,PRJEB72623,RABOLA,Milk,Food,https://www.ebi.ac.uk/ena
ERX12708748,PRJEB72623,RABOLA,Milk,Food,https://www.ebi.ac.uk/ena
ERX12708749,PRJEB72623,RABOLA,Milk,Food,https://www.ebi.ac.uk/ena
ERX12708750,PRJEB72623,RABOLA,Milk,Food,https://www.ebi.ac.uk/ena
ERX12708751,PRJEB72623,RABOLA,Milk,Food,https://www.ebi.ac.uk/ena
ERX12708752,PRJEB72623,RABOLA,Milk,Food,https://www.ebi.ac.uk/ena
ERX12708753,PRJEB72623,RABOLA,Milk,Food,https://www.ebi.ac.uk/ena
ERX12708754,PRJEB72623,RABOLA,Milk,Food,https://www.ebi.ac.uk/ena
ERX12708755,PRJEB72623,RABOLA,Milk,Food,https://www.ebi.ac.uk/ena
ERX12708756,PRJEB72623,RABOLA,Milk,Food,https://www.ebi.ac.uk/ena
ERX12708757,PRJEB72623,RABOLA,Milk,Food,https://www.ebi.ac.uk/ena
ERX12708758,PRJEB72623,RABOLA,Milk,Food,https://www.ebi.ac.uk/ena
ERX12708759,PRJEB72623,RABOLA,Milk,Food,https://www.ebi.ac.uk/ena
ERX12708760,PRJEB72623,RABOLA,Milk,Food,https://www.ebi.ac.uk/ena
ERX12708761,PRJEB72623,RABOLA,Milk,Food,https://www.ebi.ac.uk/ena
ERX12708762,PRJEB72623,RABOLA,Milk,Food,https://www.ebi.ac.uk/ena
ERX12708763,PRJEB72623,RABOLA,Milk,Food,https://www.ebi.ac.uk/ena
ERX12708764,PRJEB72623,RABOLA,Milk,Food,https://www.ebi.ac.uk/ena
ERX12708765,PRJEB72623,RABOLA,Milk,Food,https://www.ebi.ac.uk/ena
ERX12708766,PRJEB72623,RABOLA,Milk,Food,https://www.ebi.ac.uk/ena
ERX12708767,PRJEB72623,RABOLA,Milk,Food,https://www.ebi.ac.uk/ena
ERX12708768,PRJEB72623,RABOLA,Milk,Food,https://www.ebi.ac.uk/ena
ERX12708769,PRJEB72623,RABOLA,Milk,Food,https://www.ebi.ac.uk/ena
ERX12708770,PRJEB72623,RABOLA,Milk,Food,https://www.ebi.ac.uk/ena
ERX12708771,PRJEB72623,RABOLA,Milk,Food,https://www.ebi.ac.uk/ena
ERX12708772,PRJEB72623,RABOLA,Milk,Food,https://www.ebi.ac.uk/ena
ERX12708773,PRJEB72623,RABOLA,Milk,Food,https://www.ebi.ac.uk/ena
ERX12708774,PRJEB72623,RABOLA,Milk,Food,https://www.ebi.ac.uk/ena
ERX12708775,PRJEB72623,RABOLA,Milk,Food,https://www.ebi.ac.uk/ena
ERX12708776,PRJEB72623,RABOLA,Milk,Food,https://www.ebi.ac.uk/ena
ERX12708777,PRJEB72623,RABOLA,Milk,Food,https://www.ebi.ac.uk/ena
ERX12708778,PRJEB72623,RABOLA,Milk,Food,https://www.ebi.ac.uk/ena
ERX12708779,PRJEB72623,RABOLA,Milk,Food,https://www.ebi.ac.uk/ena
ERX12708780,PRJEB72623,RABOLA,Milk,Food,https://www.ebi.ac.uk/ena
ERX12708781,PRJEB72623,RABOLA,Milk,Food,https://www.ebi.ac.uk/ena
ERX12708782,PRJEB72623,RABOLA,Milk,Food,https://www.ebi.ac.uk/ena
ERX12708783,PRJEB72623,RABOLA,Milk,Food,https://www.ebi.ac.uk/ena
ERX12708784,PRJEB72623,RABOLA,Milk,Food,https://www.ebi.ac.uk/ena
ERX12708785,PRJEB72623,RABOLA,Milk,Food,https://www.ebi.ac.uk/ena
ERX12708786,PRJEB72623,RABOLA,Milk,Food,https://www.ebi.ac.uk/ena
ERX12708787,PRJEB72623,RABOLA,Milk,Food,https://www.ebi.ac.uk/ena
ERX12708788,PRJEB72623,RABOLA,Milk,Food,https://www.ebi.ac.uk/ena
ERX12708789,PRJEB72623,RABOLA,Milk,Food,https://www.ebi.ac.uk/ena
ERX12708790,PRJEB72623,RABOLA,Milk,Food,https://www.ebi.ac.uk/ena
ERX12708791,PRJEB72623,RABOLA,Milk,Food,https://www.ebi.ac.uk/ena
ERX12708792,PRJEB72623,RABOLA,Milk,Food,https://www.ebi.ac.uk/ena
ERX12708793,PRJEB72623,RABOLA,Milk,Food,https://www.ebi.ac.uk/ena
ERX12708794,PRJEB72623,RABOLA,Milk,Food,https://www.ebi.ac.uk/ena
ERX12708795,PRJEB72623,RABOLA,Milk,Food,https://www.ebi.ac.uk/ena
ERX12708796,PRJEB72623,RABOLA,Milk,Food,https://www.ebi.ac.uk/ena
ERX12708797,PRJEB72623,RABOLA,Milk,Food,https://www.ebi.ac.uk/ena
ERX12708798,PRJEB72623,RABOLA,Milk,Food,https://www.ebi.ac.uk/ena
ERX12708799,PRJEB72623,RABOLA,Milk,Food,https://www.ebi.ac.uk/ena
ERX12708800,PRJEB72623,RABOLA,Milk,Food,https://www.ebi.ac.uk/ena
ERX12708801,PRJEB72623,RABOLA,Milk,Food,https://www.ebi.ac.uk/ena
ERX12708802,PRJEB72623,RABOLA,Milk,Food,https://www.ebi.ac.uk/ena
ERX12708803,PRJEB72623,RABOLA,Milk,Food,https://www.ebi.ac.uk/ena
ERX12708804,PRJEB72623,RABOLA,Milk,Food,https://www.ebi.ac.uk/ena
ERX12708805,PRJEB72623,RABOLA,Milk,Food,https://www.ebi.ac.uk/ena
ERX12708806,PRJEB72623,RABOLA,Milk,Food,https://www.ebi.ac.uk/ena
ERX12708807,PRJEB72623,RABOLA,Milk,Food,https://www.ebi.ac.uk/ena
ERX12708808,PRJEB72623,RABOLA,Milk,Food,https://www.ebi.ac.uk/ena
ERX12708809,PRJEB72623,RABOLA,Milk,Food,https://www.ebi.ac.uk/ena
ERX12708810,PRJEB72623,RABOLA,Milk,Food,https://www.ebi.ac.uk/ena
ERX12708811,PRJEB72623,RABOLA,Milk,Food,https://www.ebi.ac.uk/ena
ERX12708812,PRJEB72623,RABOLA,Milk,Food,https://www.ebi.ac.uk/ena
ERX12708813,PRJEB72623,RABOLA,Milk,Food,https://www.ebi.ac.uk/ena
ERX12708814,PRJEB72623,RABOLA,Milk,Food,https://www.ebi.ac.uk/ena
ERX12708815,PRJEB72623,RABOLA,Milk,Food,https://www.ebi.ac.uk/ena
ERX12708816,PRJEB72623,RABOLA,Milk,Food,https://www.ebi.ac.uk/ena
ERX12708817,PRJEB72623,RABOLA,Milk,Food,https://www.ebi.ac.uk/ena
ERX12708818,PRJEB72623,RABOLA,Milk,Food,https://www.ebi.ac.uk/ena
ERX12708819,PRJEB72623,RABOLA,Milk,Food,https://www.ebi.ac.uk/ena
ERX12708820,PRJEB72623,RABOLA,Milk,Food,https://www.ebi.ac.uk/ena
ERX12708821,PRJEB72623,RABOLA,Milk,Food,https://www.ebi.ac.uk/ena
ERX12708822,PRJEB72623,RABOLA,Milk,Food,https://www.ebi.ac.uk/ena
ERX12708823,PRJEB72623,RABOLA,Milk,Food,https://www.ebi.ac.uk/ena
ERX12708824,PRJEB72623,RABOLA,Milk,Food,https://www.ebi.ac.uk/ena
ERX12708825,PRJEB72623,RABOLA,Milk,Food,https://www.ebi.ac.uk/ena
ERX12708826,PRJEB72623,RABOLA,Milk,Food,https://www.ebi.ac.uk/ena
ERX12708827,PRJEB72623,RABOLA,Milk,Food,https://www.ebi.ac.uk/ena
ERX12708828,PRJEB72623,RABOLA,Milk,Food,https://www.ebi.ac.uk/ena
ERX12708829,PRJEB72623,RABOLA,Milk,Food,https://www.ebi.ac.uk/ena
ERX12708830,PRJEB72623,RABOLA,Milk,Food,https://www.ebi.ac.uk/ena
ERX12708831,PRJEB72623,RABOLA,Milk,Food,https://www.ebi.ac.uk/ena
ERX12708832,PRJEB72623,RABOLA,Milk,Food,https://www.ebi.ac.uk/ena
ERX12708833,PRJEB72623,RABOLA,Milk,Food,https://www.ebi.ac.uk/ena
ERX12708834,PRJEB72623,RABOLA,Milk,Food,https://www.ebi.ac.uk/ena
ERX12708835,PRJEB72623,RABOLA,Milk,Food,https://www.ebi.ac.uk/ena
ERX12708836,PRJEB72623,RABOLA,Milk,Food,https://www.ebi.ac.uk/ena
ERX12708837,PRJEB72623,RABOLA,Milk,Food,https://www.ebi.ac.uk/ena
ERX12708838,PRJEB72623,RABOLA,Milk,Food,https://www.ebi.ac.uk/ena
ERX12708839,PRJEB72623,RABOLA,Milk,Food,https://www.ebi.ac.uk/ena
ERX12708840,PRJEB72623,RABOLA,Milk,Food,https://www.ebi.ac.uk/ena
ERX12708841,PRJEB72623,RABOLA,Milk,Food,https://www.ebi.ac.uk/ena
ERX12708842,PRJEB72623,RABOLA,Milk,Food,https://www.ebi.ac.uk/ena
ERX12708843,PRJEB72623,RABOLA,Milk,Food,https://www.ebi.ac.uk/ena
ERX12708844,PRJEB72623,RABOLA,Milk,Food,https://www.ebi.ac.uk/ena
ERX12708845,PRJEB72623,RABOLA,Milk,Food,https://www.ebi.ac.uk/ena
ERX12708846,PRJEB72623,RABOLA,Milk,Food,https://www.ebi.ac.uk/ena
ERX12708847,PRJEB72623,RABOLA,Milk,Food,https://www.ebi.ac.uk/ena
ERX12708848,PRJEB72623,RABOLA,Milk,Food,https://www.ebi.ac.uk/ena
ERX12708849,PRJEB72623,RABOLA,Milk,Food,https://www.ebi.ac.uk/ena
ERX12708850,PRJEB72623,RABOLA,Milk,Food,https://www.ebi.ac.uk/ena
ERX12708851,PRJEB72623,RABOLA,Milk,Food,https://www.ebi.ac.uk/ena
ERX12708852,PRJEB72623,RABOLA,Milk,Food,https://www.ebi.ac.uk/ena
ERX12708853,PRJEB72623,RABOLA,Milk,Food,https://www.ebi.ac.uk/ena
ERX12708854,PRJEB72623,RABOLA,Milk,Food,https://www.ebi.ac.uk/ena
ERX12708855,PRJEB72623,RABOLA,Milk,Food,https://www.ebi.ac.uk/ena
ERX12708856,PRJEB72623,RABOLA,Milk,Food,https://www.ebi.ac.uk/ena
ERX12708857,PRJEB72623,RABOLA,Milk,Food,https://www.ebi.ac.uk/ena
ERX12708894,PRJEB77087,RABOLA,Rumen,Cow,https://www.ebi.ac.uk/ena
ERX12708895,PRJEB77087,RABOLA,Rumen,Cow,https://www.ebi.ac.uk/ena
ERX12708896,PRJEB77087,RABOLA,Rumen,Cow,https://www.ebi.ac.uk/ena
ERX12708897,PRJEB77087,RABOLA,Rumen,Cow,https://www.ebi.ac.uk/ena
ERX12708898,PRJEB77087,RABOLA,Rumen,Cow,https://www.ebi.ac.uk/ena
ERX12708899,PRJEB77087,RABOLA,Rumen,Cow,https://www.ebi.ac.uk/ena
ERX12708900,PRJEB77087,RABOLA,Rumen,Cow,https://www.ebi.ac.uk/ena
ERX12708901,PRJEB77087,RABOLA,Rumen,Cow,https://www.ebi.ac.uk/ena
ERX12708902,PRJEB77087,RABOLA,Rumen,Cow,https://www.ebi.ac.uk/ena
ERX12708903,PRJEB77087,RABOLA,Rumen,Cow,https://www.ebi.ac.uk/ena
ERX12708904,PRJEB77087,RABOLA,Rumen,Cow,https://www.ebi.ac.uk/ena
ERX12708905,PRJEB77087,RABOLA,Rumen,Cow,https://www.ebi.ac.uk/ena
ERX12708906,PRJEB77087,RABOLA,Rumen,Cow,https://www.ebi.ac.uk/ena
ERX12708907,PRJEB77087,RABOLA,Rumen,Cow,https://www.ebi.ac.uk/ena
ERX12708908,PRJEB77087,RABOLA,Rumen,Cow,https://www.ebi.ac.uk/ena
ERX12708909,PRJEB77087,RABOLA,Rumen,Cow,https://www.ebi.ac.uk/ena
ERX12708910,PRJEB77087,RABOLA,Rumen,Cow,https://www.ebi.ac.uk/ena
ERX12708911,PRJEB77087,RABOLA,Rumen,Cow,https://www.ebi.ac.uk/ena
ERX12708912,PRJEB77087,RABOLA,Rumen,Cow,https://www.ebi.ac.uk/ena
ERX12708913,PRJEB77087,RABOLA,Rumen,Cow,https://www.ebi.ac.uk/ena
ERX12708914,PRJEB77087,RABOLA,Rumen,Cow,https://www.ebi.ac.uk/ena
ERX12708915,PRJEB77087,RABOLA,Rumen,Cow,https://www.ebi.ac.uk/ena
ERX12708916,PRJEB77087,RABOLA,Rumen,Cow,https://www.ebi.ac.uk/ena
ERX12708917,PRJEB77087,RABOLA,Rumen,Cow,https://www.ebi.ac.uk/ena
ERX12708918,PRJEB77087,RABOLA,Rumen,Cow,https://www.ebi.ac.uk/ena
ERX12708919,PRJEB77087,RABOLA,Rumen,Cow,https://www.ebi.ac.uk/ena
ERX12708920,PRJEB77087,RABOLA,Rumen,Cow,https://www.ebi.ac.uk/ena
ERX12708921,PRJEB77087,RABOLA,Rumen,Cow,https://www.ebi.ac.uk/ena
ERX12708922,PRJEB77087,RABOLA,Rumen,Cow,https://www.ebi.ac.uk/ena
ERX12708923,PRJEB77087,RABOLA,Rumen,Cow,https://www.ebi.ac.uk/ena
ERX12708924,PRJEB77087,RABOLA,Rumen,Cow,https://www.ebi.ac.uk/ena
ERX12708925,PRJEB77087,RABOLA,Rumen,Cow,https://www.ebi.ac.uk/ena
ERX12708926,PRJEB77087,RABOLA,Rumen,Cow,https://www.ebi.ac.uk/ena
ERX12708927,PRJEB77087,RABOLA,Rumen,Cow,https://www.ebi.ac.uk/ena
ERX12708928,PRJEB77087,RABOLA,Rumen,Cow,https://www.ebi.ac.uk/ena
ERX12708929,PRJEB77087,RABOLA,Rumen,Cow,https://www.ebi.ac.uk/ena
ERX12708930,PRJEB77087,RABOLA,Rumen,Cow,https://www.ebi.ac.uk/ena
ERX12708931,PRJEB77087,RABOLA,Rumen,Cow,https://www.ebi.ac.uk/ena
ERX12708932,PRJEB77087,RABOLA,Rumen,Cow,https://www.ebi.ac.uk/ena
ERX12708933,PRJEB77087,RABOLA,Rumen,Cow,https://www.ebi.ac.uk/ena
ERX12708934,PRJEB77087,RABOLA,Rumen,Cow,https://www.ebi.ac.uk/ena
ERX12708935,PRJEB77087,RABOLA,Rumen,Cow,https://www.ebi.ac.uk/ena
ERX12708936,PRJEB77087,RABOLA,Rumen,Cow,https://www.ebi.ac.uk/ena
ERX12708937,PRJEB77087,RABOLA,Rumen,Cow,https://www.ebi.ac.uk/ena
ERX12708938,PRJEB77087,RABOLA,Rumen,Cow,https://www.ebi.ac.uk/ena
ERX12708939,PRJEB77087,RABOLA,Rumen,Cow,https://www.ebi.ac.uk/ena
ERX12708940,PRJEB77087,RABOLA,Rumen,Cow,https://www.ebi.ac.uk/ena
ERX12708941,PRJEB77087,RABOLA,Rumen,Cow,https://www.ebi.ac.uk/ena
ERX12708942,PRJEB77087,RABOLA,Rumen,Cow,https://www.ebi.ac.uk/ena
ERX12708943,PRJEB77087,RABOLA,Rumen,Cow,https://www.ebi.ac.uk/ena
ERX12708944,PRJEB77087,RABOLA,Rumen,Cow,https://www.ebi.ac.uk/ena
ERX12708945,PRJEB77087,RABOLA,Rumen,Cow,https://www.ebi.ac.uk/ena
ERX12708946,PRJEB77087,RABOLA,Rumen,Cow,https://www.ebi.ac.uk/ena
ERX12708947,PRJEB77087,RABOLA,Rumen,Cow,https://www.ebi.ac.uk/ena
ERX12708948,PRJEB77087,RABOLA,Rumen,Cow,https://www.ebi.ac.uk/ena
ERX12708949,PRJEB77087,RABOLA,Rumen,Cow,https://www.ebi.ac.uk/ena
ERX12708950,PRJEB77087,RABOLA,Rumen,Cow,https://www.ebi.ac.uk/ena
ERX12708951,PRJEB77087,RABOLA,Rumen,Cow,https://www.ebi.ac.uk/ena
ERX12708952,PRJEB77087,RABOLA,Rumen,Cow,https://www.ebi.ac.uk/ena
ERX12708953,PRJEB77087,RABOLA,Rumen,Cow,https://www.ebi.ac.uk/ena
PRJEB77094_10_S10_L001,PRJEB77094,RABOLA,Hindgut,Cow,https://www.ebi.ac.uk/ena
PRJEB77094_11_S11_L001,PRJEB77094,RABOLA,Hindgut,Cow,https://www.ebi.ac.uk/ena
PRJEB77094_12_S12_L001,PRJEB77094,RABOLA,Hindgut,Cow,https://www.ebi.ac.uk/ena
PRJEB77094_13_S13_L001,PRJEB77094,RABOLA,Hindgut,Cow,https://www.ebi.ac.uk/ena
PRJEB77094_14_S14_L001,PRJEB77094,RABOLA,Hindgut,Cow,https://www.ebi.ac.uk/ena
PRJEB77094_15_S15_L001,PRJEB77094,RABOLA,Hindgut,Cow,https://www.ebi.ac.uk/ena
PRJEB77094_16_S16_L001,PRJEB77094,RABOLA,Hindgut,Cow,https://www.ebi.ac.uk/ena
PRJEB77094_17_S17_L001,PRJEB77094,RABOLA,Hindgut,Cow,https://www.ebi.ac.uk/ena
PRJEB77094_18_S18_L001,PRJEB77094,RABOLA,Hindgut,Cow,https://www.ebi.ac.uk/ena
PRJEB77094_19_S19_L001,PRJEB77094,RABOLA,Hindgut,Cow,https://www.ebi.ac.uk/ena
PRJEB77094_1_S1_L001,PRJEB77094,RABOLA,Hindgut,Cow,https://www.ebi.ac.uk/ena
PRJEB77094_20_S20_L001,PRJEB77094,RABOLA,Hindgut,Cow,https://www.ebi.ac.uk/ena
PRJEB77094_21_S21_L001,PRJEB77094,RABOLA,Hindgut,Cow,https://www.ebi.ac.uk/ena
PRJEB77094_22_S22_L001,PRJEB77094,RABOLA,Hindgut,Cow,https://www.ebi.ac.uk/ena
PRJEB77094_23_S23_L001,PRJEB77094,RABOLA,Hindgut,Cow,https://www.ebi.ac.uk/ena
PRJEB77094_24_S24_L001,PRJEB77094,RABOLA,Hindgut,Cow,https://www.ebi.ac.uk/ena
PRJEB77094_25_S25_L001,PRJEB77094,RABOLA,Hindgut,Cow,https://www.ebi.ac.uk/ena
PRJEB77094_26_S26_L001,PRJEB77094,RABOLA,Hindgut,Cow,https://www.ebi.ac.uk/ena
PRJEB77094_27_S27_L001,PRJEB77094,RABOLA,Hindgut,Cow,https://www.ebi.ac.uk/ena
PRJEB77094_28_S28_L001,PRJEB77094,RABOLA,Hindgut,Cow,https://www.ebi.ac.uk/ena
PRJEB77094_29_S29_L001,PRJEB77094,RABOLA,Hindgut,Cow,https://www.ebi.ac.uk/ena
PRJEB77094_2_S2_L001,PRJEB77094,RABOLA,Hindgut,Cow,https://www.ebi.ac.uk/ena
PRJEB77094_30_S30_L001,PRJEB77094,RABOLA,Hindgut,Cow,https://www.ebi.ac.uk/ena
PRJEB77094_31_S31_L001,PRJEB77094,RABOLA,Hindgut,Cow,https://www.ebi.ac.uk/ena
PRJEB77094_32_S32_L001,PRJEB77094,RABOLA,Hindgut,Cow,https://www.ebi.ac.uk/ena
PRJEB77094_33_S33_L001,PRJEB77094,RABOLA,Hindgut,Cow,https://www.ebi.ac.uk/ena
PRJEB77094_34_S34_L001,PRJEB77094,RABOLA,Hindgut,Cow,https://www.ebi.ac.uk/ena
PRJEB77094_35_S35_L001,PRJEB77094,RABOLA,Hindgut,Cow,https://www.ebi.ac.uk/ena
PRJEB77094_36_S36_L001,PRJEB77094,RABOLA,Hindgut,Cow,https://www.ebi.ac.uk/ena
PRJEB77094_37_S37_L001,PRJEB77094,RABOLA,Hindgut,Cow,https://www.ebi.ac.uk/ena
PRJEB77094_38_S38_L001,PRJEB77094,RABOLA,Hindgut,Cow,https://www.ebi.ac.uk/ena
PRJEB77094_39_S39_L001,PRJEB77094,RABOLA,Hindgut,Cow,https://www.ebi.ac.uk/ena
PRJEB77094_3_S3_L001,PRJEB77094,RABOLA,Hindgut,Cow,https://www.ebi.ac.uk/ena
PRJEB77094_40_S40_L001,PRJEB77094,RABOLA,Hindgut,Cow,https://www.ebi.ac.uk/ena
PRJEB77094_41_S41_L001,PRJEB77094,RABOLA,Hindgut,Cow,https://www.ebi.ac.uk/ena
PRJEB77094_42_S42_L001,PRJEB77094,RABOLA,Hindgut,Cow,https://www.ebi.ac.uk/ena
PRJEB77094_43_S43_L001,PRJEB77094,RABOLA,Hindgut,Cow,https://www.ebi.ac.uk/ena
PRJEB77094_44_S44_L001,PRJEB77094,RABOLA,Hindgut,Cow,https://www.ebi.ac.uk/ena
PRJEB77094_45_S45_L001,PRJEB77094,RABOLA,Hindgut,Cow,https://www.ebi.ac.uk/ena
PRJEB77094_46_S46_L001,PRJEB77094,RABOLA,Hindgut,Cow,https://www.ebi.ac.uk/ena
PRJEB77094_47_S47_L001,PRJEB77094,RABOLA,Hindgut,Cow,https://www.ebi.ac.uk/ena
PRJEB77094_48_S48_L001,PRJEB77094,RABOLA,Hindgut,Cow,https://www.ebi.ac.uk/ena
PRJEB77094_49_S49_L001,PRJEB77094,RABOLA,Hindgut,Cow,https://www.ebi.ac.uk/ena
PRJEB77094_4_S4_L001,PRJEB77094,RABOLA,Hindgut,Cow,https://www.ebi.ac.uk/ena
PRJEB77094_50_S50_L001,PRJEB77094,RABOLA,Hindgut,Cow,https://www.ebi.ac.uk/ena
PRJEB77094_51_S51_L001,PRJEB77094,RABOLA,Hindgut,Cow,https://www.ebi.ac.uk/ena
PRJEB77094_52_S52_L001,PRJEB77094,RABOLA,Hindgut,Cow,https://www.ebi.ac.uk/ena
PRJEB77094_53_S53_L001,PRJEB77094,RABOLA,Hindgut,Cow,https://www.ebi.ac.uk/ena
PRJEB77094_54_S54_L001,PRJEB77094,RABOLA,Hindgut,Cow,https://www.ebi.ac.uk/ena
PRJEB77094_55_S55_L001,PRJEB77094,RABOLA,Hindgut,Cow,https://www.ebi.ac.uk/ena
PRJEB77094_56_S56_L001,PRJEB77094,RABOLA,Hindgut,Cow,https://www.ebi.ac.uk/ena
PRJEB77094_57_S57_L001,PRJEB77094,RABOLA,Hindgut,Cow,https://www.ebi.ac.uk/ena
PRJEB77094_58_S58_L001,PRJEB77094,RABOLA,Hindgut,Cow,https://www.ebi.ac.uk/ena
PRJEB77094_59_S59_L001,PRJEB77094,RABOLA,Hindgut,Cow,https://www.ebi.ac.uk/ena
PRJEB77094_5_S5_L001,PRJEB77094,RABOLA,Hindgut,Cow,https://www.ebi.ac.uk/ena
PRJEB77094_60_S60_L001,PRJEB77094,RABOLA,Hindgut,Cow,https://www.ebi.ac.uk/ena
PRJEB77094_61_S61_L001,PRJEB77094,RABOLA,Hindgut,Cow,https://www.ebi.ac.uk/ena
PRJEB77094_62_S62_L001,PRJEB77094,RABOLA,Hindgut,Cow,https://www.ebi.ac.uk/ena
PRJEB77094_63_S63_L001,PRJEB77094,RABOLA,Hindgut,Cow,https://www.ebi.ac.uk/ena
PRJEB77094_64_S64_L001,PRJEB77094,RABOLA,Hindgut,Cow,https://www.ebi.ac.uk/ena
PRJEB77094_65_S65_L001,PRJEB77094,RABOLA,Hindgut,Cow,https://www.ebi.ac.uk/ena
PRJEB77094_66_S66_L001,PRJEB77094,RABOLA,Hindgut,Cow,https://www.ebi.ac.uk/ena
PRJEB77094_67_S67_L001,PRJEB77094,RABOLA,Hindgut,Cow,https://www.ebi.ac.uk/ena
PRJEB77094_68_S68_L001,PRJEB77094,RABOLA,Hindgut,Cow,https://www.ebi.ac.uk/ena
PRJEB77094_69_S69_L001,PRJEB77094,RABOLA,Hindgut,Cow,https://www.ebi.ac.uk/ena
PRJEB77094_6_S6_L001,PRJEB77094,RABOLA,Hindgut,Cow,https://www.ebi.ac.uk/ena
PRJEB77094_70_S70_L001,PRJEB77094,RABOLA,Hindgut,Cow,https://www.ebi.ac.uk/ena
PRJEB77094_71_S71_L001,PRJEB77094,RABOLA,Hindgut,Cow,https://www.ebi.ac.uk/ena
PRJEB77094_72_S72_L001,PRJEB77094,RABOLA,Hindgut,Cow,https://www.ebi.ac.uk/ena
PRJEB77094_73_S73_L001,PRJEB77094,RABOLA,Hindgut,Cow,https://www.ebi.ac.uk/ena
PRJEB77094_74_S74_L001,PRJEB77094,RABOLA,Hindgut,Cow,https://www.ebi.ac.uk/ena
PRJEB77094_75_S75_L001,PRJEB77094,RABOLA,Hindgut,Cow,https://www.ebi.ac.uk/ena
PRJEB77094_76_S76_L001,PRJEB77094,RABOLA,Hindgut,Cow,https://www.ebi.ac.uk/ena
PRJEB77094_77_S77_L001,PRJEB77094,RABOLA,Hindgut,Cow,https://www.ebi.ac.uk/ena
PRJEB77094_78_S78_L001,PRJEB77094,RABOLA,Hindgut,Cow,https://www.ebi.ac.uk/ena
PRJEB77094_79_S79_L001,PRJEB77094,RABOLA,Hindgut,Cow,https://www.ebi.ac.uk/ena
PRJEB77094_7_S7_L001,PRJEB77094,RABOLA,Hindgut,Cow,https://www.ebi.ac.uk/ena
PRJEB77094_80_S80_L001,PRJEB77094,RABOLA,Hindgut,Cow,https://www.ebi.ac.uk/ena
PRJEB77094_81_S81_L001,PRJEB77094,RABOLA,Hindgut,Cow,https://www.ebi.ac.uk/ena
PRJEB77094_82_S82_L001,PRJEB77094,RABOLA,Hindgut,Cow,https://www.ebi.ac.uk/ena
PRJEB77094_83_S83_L001,PRJEB77094,RABOLA,Hindgut,Cow,https://www.ebi.ac.uk/ena
PRJEB77094_84_S84_L001,PRJEB77094,RABOLA,Hindgut,Cow,https://www.ebi.ac.uk/ena
PRJEB77094_85_S85_L001,PRJEB77094,RABOLA,Hindgut,Cow,https://www.ebi.ac.uk/ena
PRJEB77094_8_S8_L001,PRJEB77094,RABOLA,Hindgut,Cow,https://www.ebi.ac.uk/ena
PRJEB77094_9_S9_L001,PRJEB77094,RABOLA,Hindgut,Cow,https://www.ebi.ac.uk/ena
SRX24751592,PRJEB77094,RABOLA,Hindgut,Cow,https://www.ebi.ac.uk/ena
SRX24751593,PRJEB77094,RABOLA,Hindgut,Cow,https://www.ebi.ac.uk/ena
SRX24751594,PRJEB77094,RABOLA,Hindgut,Cow,https://www.ebi.ac.uk/ena
SRX24751595,PRJEB77094,RABOLA,Hindgut,Cow,https://www.ebi.ac.uk/ena
SRX24751596,PRJEB77094,RABOLA,Hindgut,Cow,https://www.ebi.ac.uk/ena
SRX24751597,PRJEB77094,RABOLA,Hindgut,Cow,https://www.ebi.ac.uk/ena
SRX24751598,PRJEB77094,RABOLA,Hindgut,Cow,https://www.ebi.ac.uk/ena
SRX24751599,PRJEB77094,RABOLA,Hindgut,Cow,https://www.ebi.ac.uk/ena
SRX24751600,PRJEB77094,RABOLA,Hindgut,Cow,https://www.ebi.ac.uk/ena
SRX24751601,PRJNA1103402,RABOLA,Milk,Food,https://www.ncbi.nlm.nih.gov/sra/
SRX24751602,PRJNA1103402,RABOLA,Milk,Food,https://www.ncbi.nlm.nih.gov/sra/
SRX24751603,PRJNA1103402,RABOLA,Milk,Food,https://www.ncbi.nlm.nih.gov/sra/
SRX24751604,PRJNA1103402,RABOLA,Milk,Food,https://www.ncbi.nlm.nih.gov/sra/
SRX24751605,PRJNA1103402,RABOLA,Milk,Food,https://www.ncbi.nlm.nih.gov/sra/
SRX24751606,PRJNA1103402,RABOLA,Milk,Food,https://www.ncbi.nlm.nih.gov/sra/
SRX24751607,PRJNA1103402,RABOLA,Milk,Food,https://www.ncbi.nlm.nih.gov/sra/
SRX24751608,PRJNA1103402,RABOLA,Milk,Food,https://www.ncbi.nlm.nih.gov/sra/
SRX24751609,PRJNA1103402,RABOLA,Milk,Food,https://www.ncbi.nlm.nih.gov/sra/
SRX24751610,PRJNA1103402,RABOLA,Milk,Food,https://www.ncbi.nlm.nih.gov/sra/
SRX24751611,PRJNA1103402,RABOLA,Milk,Food,https://www.ncbi.nlm.nih.gov/sra/
SRX24751612,PRJNA1103402,RABOLA,Milk,Food,https://www.ncbi.nlm.nih.gov/sra/
SRX24751613,PRJNA1103402,RABOLA,Milk,Food,https://www.ncbi.nlm.nih.gov/sra/
SRX24751614,PRJNA1103402,RABOLA,Milk,Food,https://www.ncbi.nlm.nih.gov/sra/
SRX24751615,PRJNA1103402,RABOLA,Milk,Food,https://www.ncbi.nlm.nih.gov/sra/
SRX24751616,PRJNA1103402,RABOLA,Milk,Food,https://www.ncbi.nlm.nih.gov/sra/
SRX24751617,PRJNA1103402,RABOLA,Milk,Food,https://www.ncbi.nlm.nih.gov/sra/
SRX24751618,PRJNA1103402,RABOLA,Milk,Food,https://www.ncbi.nlm.nih.gov/sra/
SRX24751619,PRJNA1103402,RABOLA,Milk,Food,https://www.ncbi.nlm.nih.gov/sra/
SRX24751620,PRJNA1103402,RABOLA,Milk,Food,https://www.ncbi.nlm.nih.gov/sra/
SRX24751621,PRJNA1103402,RABOLA,Milk,Food,https://www.ncbi.nlm.nih.gov/sra/
SRX24751622,PRJNA1103402,RABOLA,Milk,Food,https://www.ncbi.nlm.nih.gov/sra/
SRX24751623,PRJNA1103402,RABOLA,Milk,Food,https://www.ncbi.nlm.nih.gov/sra/
SRX24751624,PRJNA1103402,RABOLA,Milk,Food,https://www.ncbi.nlm.nih.gov/sra/
SRX24751625,PRJNA1103402,RABOLA,Milk,Food,https://www.ncbi.nlm.nih.gov/sra/
SRX24751626,PRJNA1103402,RABOLA,Milk,Food,https://www.ncbi.nlm.nih.gov/sra/
SRX24751627,PRJNA1103402,RABOLA,Milk,Food,https://www.ncbi.nlm.nih.gov/sra/
SRX24751628,PRJNA1103402,RABOLA,Milk,Food,https://www.ncbi.nlm.nih.gov/sra/
SRX24751629,PRJNA1103402,RABOLA,Milk,Food,https://www.ncbi.nlm.nih.gov/sra/
SRX24751630,PRJNA1103402,RABOLA,Milk,Food,https://www.ncbi.nlm.nih.gov/sra/
SRX24751631,PRJNA1103402,RABOLA,Milk,Food,https://www.ncbi.nlm.nih.gov/sra/
SRX24751632,PRJNA1103402,RABOLA,Milk,Food,https://www.ncbi.nlm.nih.gov/sra/
SRX24751633,PRJNA1103402,RABOLA,Milk,Food,https://www.ncbi.nlm.nih.gov/sra/
SRX24751634,PRJNA1103402,RABOLA,Milk,Food,https://www.ncbi.nlm.nih.gov/sra/
SRX24751635,PRJNA1103402,RABOLA,Milk,Food,https://www.ncbi.nlm.nih.gov/sra/
SRX24751636,PRJNA1103402,RABOLA,Milk,Food,https://www.ncbi.nlm.nih.gov/sra/
SRX24751637,PRJNA1103402,RABOLA,Milk,Food,https://www.ncbi.nlm.nih.gov/sra/
SRX24751638,PRJNA1103402,RABOLA,Milk,Food,https://www.ncbi.nlm.nih.gov/sra/
SRX24751639,PRJNA1103402,RABOLA,Milk,Food,https://www.ncbi.nlm.nih.gov/sra/
SRX24751640,PRJNA1103402,RABOLA,Milk,Food,https://www.ncbi.nlm.nih.gov/sra/
SRX24751641,PRJNA1103402,RABOLA,Milk,Food,https://www.ncbi.nlm.nih.gov/sra/
SRX24751642,PRJNA1103402,RABOLA,Milk,Food,https://www.ncbi.nlm.nih.gov/sra/
SRX24751643,PRJNA1103402,RABOLA,Milk,Food,https://www.ncbi.nlm.nih.gov/sra/
SRX24751644,PRJNA1103402,RABOLA,Milk,Food,https://www.ncbi.nlm.nih.gov/sra/
SRX24751645,PRJNA1103402,RABOLA,Milk,Food,https://www.ncbi.nlm.nih.gov/sra/
SRX24751646,PRJNA1103402,RABOLA,Milk,Food,https://www.ncbi.nlm.nih.gov/sra/
SRX24751647,PRJNA1103402,RABOLA,Milk,Food,https://www.ncbi.nlm.nih.gov/sra/
SRX24751648,PRJNA1103402,RABOLA,Milk,Food,https://www.ncbi.nlm.nih.gov/sra/
SRX24751649,PRJNA1103402,RABOLA,Milk,Food,https://www.ncbi.nlm.nih.gov/sra/
SRX24751650,PRJNA1103402,RABOLA,Milk,Food,https://www.ncbi.nlm.nih.gov/sra/
SRX24751651,PRJNA1103402,RABOLA,Milk,Food,https://www.ncbi.nlm.nih.gov/sra/
SRX24751652,PRJNA1103402,RABOLA,Milk,Food,https://www.ncbi.nlm.nih.gov/sra/
SRX24751653,PRJNA1103402,RABOLA,Milk,Food,https://www.ncbi.nlm.nih.gov/sra/
SRX24751654,PRJNA1103402,RABOLA,Milk,Food,https://www.ncbi.nlm.nih.gov/sra/
SRX24751655,PRJNA1103402,RABOLA,Milk,Food,https://www.ncbi.nlm.nih.gov/sra/
SRX24751656,PRJNA1103402,RABOLA,Milk,Food,https://www.ncbi.nlm.nih.gov/sra/
SRX24751657,PRJNA1103402,RABOLA,Milk,Food,https://www.ncbi.nlm.nih.gov/sra/
SRX24751658,PRJNA1103402,RABOLA,Milk,Food,https://www.ncbi.nlm.nih.gov/sra/
SRX24751659,PRJNA1103402,RABOLA,Milk,Food,https://www.ncbi.nlm.nih.gov/sra/
SRX24751660,PRJNA1103402,RABOLA,Milk,Food,https://www.ncbi.nlm.nih.gov/sra/
SRX24751661,PRJNA1103402,RABOLA,Milk,Food,https://www.ncbi.nlm.nih.gov/sra/
SRX24751662,PRJNA1103402,RABOLA,Milk,Food,https://www.ncbi.nlm.nih.gov/sra/
SRX24751663,PRJNA1103402,RABOLA,Milk,Food,https://www.ncbi.nlm.nih.gov/sra/
SRX24751664,PRJNA1103402,RABOLA,Milk,Food,https://www.ncbi.nlm.nih.gov/sra/
SRX24751665,PRJNA1103402,RABOLA,Milk,Food,https://www.ncbi.nlm.nih.gov/sra/
SRX24751666,PRJNA1103402,RABOLA,Milk,Food,https://www.ncbi.nlm.nih.gov/sra/
SRX24751667,PRJNA1103402,RABOLA,Milk,Food,https://www.ncbi.nlm.nih.gov/sra/
SRX24751668,PRJNA1103402,RABOLA,Milk,Food,https://www.ncbi.nlm.nih.gov/sra/
SRX24751669,PRJNA1103402,RABOLA,Milk,Food,https://www.ncbi.nlm.nih.gov/sra/
SRX24751670,PRJNA1103402,RABOLA,Milk,Food,https://www.ncbi.nlm.nih.gov/sra/
SRX24751671,PRJNA1103402,RABOLA,Milk,Food,https://www.ncbi.nlm.nih.gov/sra/
SRX24751672,PRJNA1103402,RABOLA,Milk,Food,https://www.ncbi.nlm.nih.gov/sra/
SRX24751673,PRJNA1103402,RABOLA,Milk,Food,https://www.ncbi.nlm.nih.gov/sra/
SRX24751674,PRJNA1103402,RABOLA,Milk,Food,https://www.ncbi.nlm.nih.gov/sra/
SRX24751675,PRJNA1103402,RABOLA,Milk,Food,https://www.ncbi.nlm.nih.gov/sra/
SRX24751676,PRJNA1103402,RABOLA,Milk,Food,https://www.ncbi.nlm.nih.gov/sra/
SRX24751677,PRJNA1103402,RABOLA,Milk,Food,https://www.ncbi.nlm.nih.gov/sra/
SRX24751678,PRJNA1103402,RABOLA,Milk,Food,https://www.ncbi.nlm.nih.gov/sra/
SRX24751679,PRJNA1103402,RABOLA,Milk,Food,https://www.ncbi.nlm.nih.gov/sra/
SRX24751680,PRJNA1103402,RABOLA,Milk,Food,https://www.ncbi.nlm.nih.gov/sra/
SRX24751681,PRJNA1103402,RABOLA,Milk,Food,https://www.ncbi.nlm.nih.gov/sra/
SRX24751682,PRJNA1103402,RABOLA,Milk,Food,https://www.ncbi.nlm.nih.gov/sra/
SRX24751683,PRJNA1103402,RABOLA,Milk,Food,https://www.ncbi.nlm.nih.gov/sra/
SRX24751684,PRJNA1103402,RABOLA,Milk,Food,https://www.ncbi.nlm.nih.gov/sra/
SRX24751685,PRJNA1103402,RABOLA,Milk,Food,https://www.ncbi.nlm.nih.gov/sra/
SRX24751686,PRJNA1103402,RABOLA,Milk,Food,https://www.ncbi.nlm.nih.gov/sra/
SRX24751687,PRJNA1103402,RABOLA,Milk,Food,https://www.ncbi.nlm.nih.gov/sra/
SRX24751688,PRJNA1103402,RABOLA,Milk,Food,https://www.ncbi.nlm.nih.gov/sra/
SRX24751689,PRJNA1103402,RABOLA,Milk,Food,https://www.ncbi.nlm.nih.gov/sra/
SRX24751690,PRJNA1103402,RABOLA,Milk,Food,https://www.ncbi.nlm.nih.gov/sra/
SRX24751691,PRJNA1103402,RABOLA,Milk,Food,https://www.ncbi.nlm.nih.gov/sra/
SRX24751692,PRJNA1103402,RABOLA,Milk,Food,https://www.ncbi.nlm.nih.gov/sra/
SRX24751693,PRJNA1103402,RABOLA,Milk,Food,https://www.ncbi.nlm.nih.gov/sra/
SRX24751694,PRJNA1103402,RABOLA,Milk,Food,https://www.ncbi.nlm.nih.gov/sra/
SRX24751695,PRJNA1103402,RABOLA,Milk,Food,https://www.ncbi.nlm.nih.gov/sra/
SRX24751696,PRJNA1103402,RABOLA,Milk,Food,https://www.ncbi.nlm.nih.gov/sra/
SRX24751697,PRJNA1103402,RABOLA,Milk,Food,https://www.ncbi.nlm.nih.gov/sra/
SRX24751698,PRJNA1103402,RABOLA,Milk,Food,https://www.ncbi.nlm.nih.gov/sra/
SRX24751699,PRJNA1103402,RABOLA,Milk,Food,https://www.ncbi.nlm.nih.gov/sra/
SRX24751700,PRJNA1103402,RABOLA,Milk,Food,https://www.ncbi.nlm.nih.gov/sra/
SRX24751701,PRJNA1103402,RABOLA,Milk,Food,https://www.ncbi.nlm.nih.gov/sra/
SRX24751702,PRJNA1103402,RABOLA,Milk,Food,https://www.ncbi.nlm.nih.gov/sra/
SRX24751703,PRJNA1103402,RABOLA,Milk,Food,https://www.ncbi.nlm.nih.gov/sra/
SRX24751704,PRJNA1103402,RABOLA,Milk,Food,https://www.ncbi.nlm.nih.gov/sra/
SRX24751705,PRJNA1103402,RABOLA,Milk,Food,https://www.ncbi.nlm.nih.gov/sra/
SRX24751706,PRJNA1103402,RABOLA,Milk,Food,https://www.ncbi.nlm.nih.gov/sra/
SRX24751707,PRJNA1103402,RABOLA,Milk,Food,https://www.ncbi.nlm.nih.gov/sra/
SRX24751708,PRJNA1103402,RABOLA,Milk,Food,https://www.ncbi.nlm.nih.gov/sra/
SRX24751709,PRJNA1103402,RABOLA,Milk,Food,https://www.ncbi.nlm.nih.gov/sra/
SRX24751710,PRJNA1103402,RABOLA,Milk,Food,https://www.ncbi.nlm.nih.gov/sra/
SRX24751711,PRJNA1103402,RABOLA,Milk,Food,https://www.ncbi.nlm.nih.gov/sra/
SRX24751712,PRJNA1103402,RABOLA,Milk,Food,https://www.ncbi.nlm.nih.gov/sra/
SRX24751713,PRJNA1103402,RABOLA,Milk,Food,https://www.ncbi.nlm.nih.gov/sra/
SRX24751714,PRJNA1103402,RABOLA,Milk,Food,https://www.ncbi.nlm.nih.gov/sra/
SRX24751715,PRJNA1103402,RABOLA,Milk,Food,https://www.ncbi.nlm.nih.gov/sra/
SRX24751716,PRJNA1103402,RABOLA,Milk,Food,https://www.ncbi.nlm.nih.gov/sra/
SRX24751717,PRJNA1103402,RABOLA,Milk,Food,https://www.ncbi.nlm.nih.gov/sra/
SRX24751718,PRJNA1103402,RABOLA,Milk,Food,https://www.ncbi.nlm.nih.gov/sra/
SRX24751719,PRJNA1103402,RABOLA,Milk,Food,https://www.ncbi.nlm.nih.gov/sra/
SRX24751720,PRJNA1103402,RABOLA,Milk,Food,https://www.ncbi.nlm.nih.gov/sra/
SRX24751721,PRJNA1103402,RABOLA,Milk,Food,https://www.ncbi.nlm.nih.gov/sra/
SRX24751722,PRJNA1103402,RABOLA,Milk,Food,https://www.ncbi.nlm.nih.gov/sra/
SRX24751723,PRJNA1103402,RABOLA,Milk,Food,https://www.ncbi.nlm.nih.gov/sra/
SRX24751724,PRJNA1103402,RABOLA,Milk,Food,https://www.ncbi.nlm.nih.gov/sra/
SRX24751725,PRJNA1103402,RABOLA,Milk,Food,https://www.ncbi.nlm.nih.gov/sra/
SRX24751726,PRJNA1103402,RABOLA,Milk,Food,https://www.ncbi.nlm.nih.gov/sra/
SRX24751727,PRJNA1103402,RABOLA,Milk,Food,https://www.ncbi.nlm.nih.gov/sra/
SRX24751728,PRJNA1103402,RABOLA,Milk,Food,https://www.ncbi.nlm.nih.gov/sra/
SRX24751729,PRJNA1103402,RABOLA,Milk,Food,https://www.ncbi.nlm.nih.gov/sra/
SRX24751730,PRJNA1103402,RABOLA,Milk,Food,https://www.ncbi.nlm.nih.gov/sra/
SRX24751731,PRJNA1103402,RABOLA,Milk,Food,https://www.ncbi.nlm.nih.gov/sra/
SRX24751732,PRJNA1103402,RABOLA,Milk,Food,https://www.ncbi.nlm.nih.gov/sra/
SRX24751733,PRJNA1103402,RABOLA,Milk,Food,https://www.ncbi.nlm.nih.gov/sra/
SRX24751734,PRJNA1103402,RABOLA,Milk,Food,https://www.ncbi.nlm.nih.gov/sra/
SRX24751735,PRJNA1103402,RABOLA,Milk,Food,https://www.ncbi.nlm.nih.gov/sra/
SRX24751736,PRJNA1103402,RABOLA,Milk,Food,https://www.ncbi.nlm.nih.gov/sra/
SRX24751737,PRJNA1103402,RABOLA,Milk,Food,https://www.ncbi.nlm.nih.gov/sra/
SRX24751738,PRJNA1103402,RABOLA,Milk,Food,https://www.ncbi.nlm.nih.gov/sra/
SRX24751739,PRJNA1103402,RABOLA,Milk,Food,https://www.ncbi.nlm.nih.gov/sra/
SRX24751740,PRJNA1103402,RABOLA,Milk,Food,https://www.ncbi.nlm.nih.gov/sra/
SRX24751741,PRJNA1103402,RABOLA,Milk,Food,https://www.ncbi.nlm.nih.gov/sra/
SRX24751742,PRJNA1103402,RABOLA,Milk,Food,https://www.ncbi.nlm.nih.gov/sra/
SRX24751743,PRJNA1103402,RABOLA,Milk,Food,https://www.ncbi.nlm.nih.gov/sra/
SRX24751744,PRJNA1103402,RABOLA,Milk,Food,https://www.ncbi.nlm.nih.gov/sra/
SRX24751745,PRJNA1103402,RABOLA,Milk,Food,https://www.ncbi.nlm.nih.gov/sra/
SRX24751746,PRJNA1103402,RABOLA,Milk,Food,https://www.ncbi.nlm.nih.gov/sra/
SRX24751747,PRJNA1103402,RABOLA,Milk,Food,https://www.ncbi.nlm.nih.gov/sra/
SRX24751748,PRJNA1103402,RABOLA,Milk,Food,https://www.ncbi.nlm.nih.gov/sra/
SRX24751749,PRJNA1103402,RABOLA,Milk,Food,https://www.ncbi.nlm.nih.gov/sra/
SRX24751750,PRJNA1103402,RABOLA,Milk,Food,https://www.ncbi.nlm.nih.gov/sra/
SRX24751751,PRJNA1103402,RABOLA,Milk,Food,https://www.ncbi.nlm.nih.gov/sra/
